model,val_mae,val_rmse,test_mae,test_rmse
tweedie_p_1.3,3.5030822121933145,5.076710154080042,3.83564125236899,6.528082413920707
poisson_a_0.001,3.522431455469609,5.374850419462464,3.7902478228841456,6.016687900589669
tweedie_p_1.1,3.5482010642601383,5.172728515548629,3.8341727474584557,6.338631968257383
poisson_a_0.0001,3.577650729346313,5.240004080424197,3.8351451064616993,6.2315090683897205
naive_lag_1,4.723255813953489,6.763272910737544,4.511627906976744,6.508313109776121
